{
  "version": 2,
  "builds": [
    {
      "src": "api/matches.php",
      "use": "vercel-php@0.6.0"
    },
    {
      "src": "api/tournaments.php",
      "use": "vercel-php@0.6.0"
    }
  ],
  "routes": [
    {
      "src": "/api/matches",
      "dest": "/api/matches.php"
    },
    {
      "src": "/api/tournaments",
      "dest": "/api/tournaments.php"
    }
  ],
  "functions": {
    "api/matches.php": {
      "runtime": "vercel-php@0.6.0"
    },
    "api/tournaments.php": {
      "runtime": "vercel-php@0.6.0"
    }
  }
}
